{"lr_param_group_0": 3.564077886261739e-06, "lr_param_group_1": 3.564077886261739e-06, "lr_param_group_2": 3.0092659773292975e-06, "lr_param_group_3": 3.0092659773292975e-06, "lr_param_group_4": 2.5408203780332955e-06, "lr_param_group_5": 2.5408203780332955e-06, "lr_param_group_6": 2.1452966411293127e-06, "lr_param_group_7": 2.1452966411293127e-06, "lr_param_group_8": 1.811343185937088e-06, "lr_param_group_9": 1.811343185937088e-06, "lr_param_group_10": 1.5293755065563253e-06, "lr_param_group_11": 1.5293755065563253e-06, "lr_param_group_12": 1.2913010953494986e-06, "lr_param_group_13": 1.2913010953494986e-06, "lr_param_group_14": 1.0902871869613047e-06, "lr_param_group_15": 1.0902871869613047e-06, "lr_param_group_16": 9.205646570990158e-07, "lr_param_group_17": 9.205646570990158e-07, "lr_param_group_18": 7.772624479442816e-07, "lr_param_group_19": 7.772624479442816e-07, "lr_param_group_20": 6.562677681849746e-07, "lr_param_group_21": 6.562677681849746e-07, "lr_param_group_22": 5.541080553905284e-07, "lr_param_group_23": 5.541080553905284e-07, "lr_param_group_24": 4.678513130361934e-07, "lr_param_group_25": 4.678513130361934e-07, "lr_param_group_26": 3.95021961836348e-07, "lr_param_group_27": 3.95021961836348e-07, "_timestamp": 1680986585.1728659, "_runtime": 189.3850178718567, "_step": 479, "train_loss_per_batch": 0.01425231620669365, "train_step": 240, "_wandb": {"runtime": 192}}