{"hamming_score": 0.49081140484767083, "zero_one_score": 0.0, "mAP": 0.2828201281903431, "mean_f1_score": 0.29115641466212316, "_timestamp": 1680986672.1247485, "_runtime": 72.8426764011383, "_step": 187}