{"lr_param_group_0": 4.786658263608745e-05, "lr_param_group_1": 4.786658263608745e-05, "lr_param_group_2": 4.786658263608745e-05, "lr_param_group_3": 4.786658263608745e-05, "lr_param_group_4": 4.786658263608745e-05, "lr_param_group_5": 4.786658263608745e-05, "lr_param_group_6": 4.786658263608745e-05, "lr_param_group_7": 4.786658263608745e-05, "lr_param_group_8": 4.786658263608745e-05, "lr_param_group_9": 4.786658263608745e-05, "lr_param_group_10": 4.786658263608745e-05, "lr_param_group_11": 4.786658263608745e-05, "lr_param_group_12": 4.786658263608745e-05, "lr_param_group_13": 4.786658263608745e-05, "lr_param_group_14": 4.786658263608745e-05, "lr_param_group_15": 4.786658263608745e-05, "lr_param_group_16": 4.786658263608745e-05, "lr_param_group_17": 4.786658263608745e-05, "lr_param_group_18": 4.786658263608745e-05, "lr_param_group_19": 4.786658263608745e-05, "lr_param_group_20": 4.786658263608745e-05, "lr_param_group_21": 4.786658263608745e-05, "lr_param_group_22": 4.786658263608745e-05, "lr_param_group_23": 4.786658263608745e-05, "lr_param_group_24": 4.786658263608745e-05, "lr_param_group_25": 4.786658263608745e-05, "lr_param_group_26": 4.786658263608745e-05, "lr_param_group_27": 4.786658263608745e-05, "_timestamp": 1681163620.1129842, "_runtime": 172.09916520118713, "_step": 1043, "train_loss_per_batch": -1.182814121246338, "train_step": 522, "_wandb": {"runtime": 175}}