{"lr_param_group_0": 8.246272554123526e-07, "lr_param_group_1": 8.246272554123526e-07, "lr_param_group_2": 7.009331671005005e-07, "lr_param_group_3": 7.009331671005005e-07, "lr_param_group_4": 5.957931920354265e-07, "lr_param_group_5": 5.957931920354265e-07, "lr_param_group_6": 5.064242132301122e-07, "lr_param_group_7": 5.064242132301122e-07, "lr_param_group_8": 4.304605812455951e-07, "lr_param_group_9": 4.304605812455951e-07, "lr_param_group_10": 3.6589149405875616e-07, "lr_param_group_11": 3.6589149405875616e-07, "lr_param_group_12": 3.11007769949943e-07, "lr_param_group_13": 3.11007769949943e-07, "lr_param_group_14": 2.643566044574521e-07, "lr_param_group_15": 2.643566044574521e-07, "lr_param_group_16": 2.2470311378883364e-07, "lr_param_group_17": 2.2470311378883364e-07, "lr_param_group_18": 1.9099764672050792e-07, "lr_param_group_19": 1.9099764672050792e-07, "lr_param_group_20": 1.623479997124325e-07, "lr_param_group_21": 1.623479997124325e-07, "lr_param_group_22": 1.3799579975556768e-07, "lr_param_group_23": 1.3799579975556768e-07, "lr_param_group_24": 1.1729642979223223e-07, "lr_param_group_25": 1.1729642979223223e-07, "lr_param_group_26": 9.97019653233975e-08, "lr_param_group_27": 9.97019653233975e-08, "_timestamp": 1681163694.0931964, "_runtime": 27.88052248954773, "_step": 37, "train_loss_per_batch": 0.06616516411304474, "train_step": 19, "_wandb": {"runtime": 31}}